Model,Index,Value
clinical,AUC,0.652777778
clinical,AUC,0.645833333
clinical,AUC,0.532051282
clinical,AUC,0.754807692
clinical,AUC,0.789930556
clinical,AUC,0.652777778
clinical,AUC,0.65224359
clinical,AUC,0.709935897
clinical,AUC,0.708333333
clinical,AUC,0.730902778
clinical,AUC,0.710069444
clinical,AUC,0.736111111
clinical,AUC,0.592948718
clinical,AUC,0.705128205
clinical,AUC,0.754807692
clinical,Accuracy,0.555555556
clinical,Accuracy,0.675675676
clinical,Accuracy,0.594594595
clinical,Accuracy,0.756756757
clinical,Accuracy,0.75
clinical,Accuracy,0.666666667
clinical,Accuracy,0.648648649
clinical,Accuracy,0.702702703
clinical,Accuracy,0.648648649
clinical,Accuracy,0.694444444
clinical,Accuracy,0.777777778
clinical,Accuracy,0.722222222
clinical,Accuracy,0.594594595
clinical,Accuracy,0.621621622
clinical,Accuracy,0.675675676
clinical,Sensitivity,0.666666667
clinical,Sensitivity,0.538461538
clinical,Sensitivity,0.692307692
clinical,Sensitivity,0.769230769
clinical,Sensitivity,0.75
clinical,Sensitivity,0.583333333
clinical,Sensitivity,0.461538462
clinical,Sensitivity,0.846153846
clinical,Sensitivity,0.769230769
clinical,Sensitivity,0.666666667
clinical,Sensitivity,0.583333333
clinical,Sensitivity,0.75
clinical,Sensitivity,0.615384615
clinical,Sensitivity,0.769230769
clinical,Sensitivity,0.769230769
clinical,FOR,0.25
clinical,FOR,0.25
clinical,FOR,0.235294118
clinical,FOR,0.142857143
clinical,FOR,0.142857143
clinical,FOR,0.227272727
clinical,FOR,0.28
clinical,FOR,0.117647059
clinical,FOR,0.176470588
clinical,FOR,0.19047619
clinical,FOR,0.192307692
clinical,FOR,0.15
clinical,FOR,0.263157895
clinical,FOR,0.1875
clinical,FOR,0.166666667
clinical,Specificity,0.5
clinical,Specificity,0.75
clinical,Specificity,0.541666667
clinical,Specificity,0.75
clinical,Specificity,0.75
clinical,Specificity,0.708333333
clinical,Specificity,0.75
clinical,Specificity,0.625
clinical,Specificity,0.583333333
clinical,Specificity,0.708333333
clinical,Specificity,0.875
clinical,Specificity,0.708333333
clinical,Specificity,0.583333333
clinical,Specificity,0.541666667
clinical,Specificity,0.625
clinical,FDR,0.6
clinical,FDR,0.461538462
clinical,FDR,0.55
clinical,FDR,0.375
clinical,FDR,0.4
clinical,FDR,0.5
clinical,FDR,0.5
clinical,FDR,0.45
clinical,FDR,0.5
clinical,FDR,0.466666667
clinical,FDR,0.3
clinical,FDR,0.4375
clinical,FDR,0.555555556
clinical,FDR,0.523809524
clinical,FDR,0.473684211
clinical,F1 score,0.5
clinical,F1 score,0.538461538
clinical,F1 score,0.545454545
clinical,F1 score,0.689655172
clinical,F1 score,0.666666667
clinical,F1 score,0.538461538
clinical,F1 score,0.48
clinical,F1 score,0.666666667
clinical,F1 score,0.606060606
clinical,F1 score,0.592592593
clinical,F1 score,0.636363636
clinical,F1 score,0.642857143
clinical,F1 score,0.516129032
clinical,F1 score,0.588235294
clinical,F1 score,0.625
clinical+genotype,AUC,0.760416667
clinical+genotype,AUC,0.794871795
clinical+genotype,AUC,0.753205128
clinical+genotype,AUC,0.878205128
clinical+genotype,AUC,0.909722222
clinical+genotype,AUC,0.857638889
clinical+genotype,AUC,0.836538462
clinical+genotype,AUC,0.78525641
clinical+genotype,AUC,0.769230769
clinical+genotype,AUC,0.920138889
clinical+genotype,AUC,0.864583333
clinical+genotype,AUC,0.892361111
clinical+genotype,AUC,0.746794872
clinical+genotype,AUC,0.756410256
clinical+genotype,AUC,0.884615385
clinical+genotype,Accuracy,0.694444444
clinical+genotype,Accuracy,0.756756757
clinical+genotype,Accuracy,0.702702703
clinical+genotype,Accuracy,0.864864865
clinical+genotype,Accuracy,0.805555556
clinical+genotype,Accuracy,0.805555556
clinical+genotype,Accuracy,0.756756757
clinical+genotype,Accuracy,0.837837838
clinical+genotype,Accuracy,0.72972973
clinical+genotype,Accuracy,0.916666667
clinical+genotype,Accuracy,0.805555556
clinical+genotype,Accuracy,0.861111111
clinical+genotype,Accuracy,0.72972973
clinical+genotype,Accuracy,0.810810811
clinical+genotype,Accuracy,0.810810811
clinical+genotype,Sensitivity,0.916666667
clinical+genotype,Sensitivity,0.769230769
clinical+genotype,Sensitivity,0.769230769
clinical+genotype,Sensitivity,0.846153846
clinical+genotype,Sensitivity,0.916666667
clinical+genotype,Sensitivity,0.833333333
clinical+genotype,Sensitivity,0.769230769
clinical+genotype,Sensitivity,0.692307692
clinical+genotype,Sensitivity,0.769230769
clinical+genotype,Sensitivity,0.916666667
clinical+genotype,Sensitivity,0.916666667
clinical+genotype,Sensitivity,0.916666667
clinical+genotype,Sensitivity,0.692307692
clinical+genotype,Sensitivity,0.692307692
clinical+genotype,Sensitivity,0.846153846
clinical+genotype,FOR,0.066666667
clinical+genotype,FOR,0.142857143
clinical+genotype,FOR,0.157894737
clinical+genotype,FOR,0.086956522
clinical+genotype,FOR,0.052631579
clinical+genotype,FOR,0.095238095
clinical+genotype,FOR,0.142857143
clinical+genotype,FOR,0.153846154
clinical+genotype,FOR,0.15
clinical+genotype,FOR,0.043478261
clinical+genotype,FOR,0.052631579
clinical+genotype,FOR,0.047619048
clinical+genotype,FOR,0.181818182
clinical+genotype,FOR,0.16
clinical+genotype,FOR,0.095238095
clinical+genotype,Specificity,0.583333333
clinical+genotype,Specificity,0.75
clinical+genotype,Specificity,0.666666667
clinical+genotype,Specificity,0.875
clinical+genotype,Specificity,0.75
clinical+genotype,Specificity,0.791666667
clinical+genotype,Specificity,0.75
clinical+genotype,Specificity,0.916666667
clinical+genotype,Specificity,0.708333333
clinical+genotype,Specificity,0.916666667
clinical+genotype,Specificity,0.75
clinical+genotype,Specificity,0.833333333
clinical+genotype,Specificity,0.75
clinical+genotype,Specificity,0.875
clinical+genotype,Specificity,0.791666667
clinical+genotype,FDR,0.476190476
clinical+genotype,FDR,0.375
clinical+genotype,FDR,0.444444444
clinical+genotype,FDR,0.214285714
clinical+genotype,FDR,0.352941176
clinical+genotype,FDR,0.333333333
clinical+genotype,FDR,0.375
clinical+genotype,FDR,0.181818182
clinical+genotype,FDR,0.411764706
clinical+genotype,FDR,0.153846154
clinical+genotype,FDR,0.352941176
clinical+genotype,FDR,0.266666667
clinical+genotype,FDR,0.4
clinical+genotype,FDR,0.25
clinical+genotype,FDR,0.3125
clinical+genotype,F1 score,0.666666667
clinical+genotype,F1 score,0.689655172
clinical+genotype,F1 score,0.64516129
clinical+genotype,F1 score,0.814814815
clinical+genotype,F1 score,0.75862069
clinical+genotype,F1 score,0.740740741
clinical+genotype,F1 score,0.689655172
clinical+genotype,F1 score,0.75
clinical+genotype,F1 score,0.666666667
clinical+genotype,F1 score,0.88
clinical+genotype,F1 score,0.75862069
clinical+genotype,F1 score,0.814814815
clinical+genotype,F1 score,0.642857143
clinical+genotype,F1 score,0.72
clinical+genotype,F1 score,0.75862069
clinical+genotype(29 SNPs),AUC,0.774305556
clinical+genotype(29 SNPs),AUC,0.730769231
clinical+genotype(29 SNPs),AUC,0.733974359
clinical+genotype(29 SNPs),AUC,0.903846154
clinical+genotype(29 SNPs),AUC,0.815972222
clinical+genotype(29 SNPs),AUC,0.822916667
clinical+genotype(29 SNPs),AUC,0.830128205
clinical+genotype(29 SNPs),AUC,0.759615385
clinical+genotype(29 SNPs),AUC,0.772435897
clinical+genotype(29 SNPs),AUC,0.871527778
clinical+genotype(29 SNPs),AUC,0.795138889
clinical+genotype(29 SNPs),AUC,0.819444444
clinical+genotype(29 SNPs),AUC,0.772435897
clinical+genotype(29 SNPs),AUC,0.778846154
clinical+genotype(29 SNPs),AUC,0.887820513
clinical+genotype(29 SNPs),Accuracy,0.722222222
clinical+genotype(29 SNPs),Accuracy,0.675675676
clinical+genotype(29 SNPs),Accuracy,0.72972973
clinical+genotype(29 SNPs),Accuracy,0.918918919
clinical+genotype(29 SNPs),Accuracy,0.777777778
clinical+genotype(29 SNPs),Accuracy,0.777777778
clinical+genotype(29 SNPs),Accuracy,0.783783784
clinical+genotype(29 SNPs),Accuracy,0.810810811
clinical+genotype(29 SNPs),Accuracy,0.675675676
clinical+genotype(29 SNPs),Accuracy,0.888888889
clinical+genotype(29 SNPs),Accuracy,0.75
clinical+genotype(29 SNPs),Accuracy,0.805555556
clinical+genotype(29 SNPs),Accuracy,0.783783784
clinical+genotype(29 SNPs),Accuracy,0.783783784
clinical+genotype(29 SNPs),Accuracy,0.891891892
clinical+genotype(29 SNPs),Sensitivity,0.75
clinical+genotype(29 SNPs),Sensitivity,0.615384615
clinical+genotype(29 SNPs),Sensitivity,0.769230769
clinical+genotype(29 SNPs),Sensitivity,0.846153846
clinical+genotype(29 SNPs),Sensitivity,0.833333333
clinical+genotype(29 SNPs),Sensitivity,0.833333333
clinical+genotype(29 SNPs),Sensitivity,0.769230769
clinical+genotype(29 SNPs),Sensitivity,0.692307692
clinical+genotype(29 SNPs),Sensitivity,0.692307692
clinical+genotype(29 SNPs),Sensitivity,0.75
clinical+genotype(29 SNPs),Sensitivity,0.666666667
clinical+genotype(29 SNPs),Sensitivity,0.75
clinical+genotype(29 SNPs),Sensitivity,0.692307692
clinical+genotype(29 SNPs),Sensitivity,0.769230769
clinical+genotype(29 SNPs),Sensitivity,0.846153846
clinical+genotype(29 SNPs),FOR,0.15
clinical+genotype(29 SNPs),FOR,0.227272727
clinical+genotype(29 SNPs),FOR,0.15
clinical+genotype(29 SNPs),FOR,0.08
clinical+genotype(29 SNPs),FOR,0.1
clinical+genotype(29 SNPs),FOR,0.1
clinical+genotype(29 SNPs),FOR,0.136363636
clinical+genotype(29 SNPs),FOR,0.16
clinical+genotype(29 SNPs),FOR,0.2
clinical+genotype(29 SNPs),FOR,0.115384615
clinical+genotype(29 SNPs),FOR,0.173913043
clinical+genotype(29 SNPs),FOR,0.130434783
clinical+genotype(29 SNPs),FOR,0.166666667
clinical+genotype(29 SNPs),FOR,0.136363636
clinical+genotype(29 SNPs),FOR,0.083333333
clinical+genotype(29 SNPs),Specificity,0.708333333
clinical+genotype(29 SNPs),Specificity,0.708333333
clinical+genotype(29 SNPs),Specificity,0.708333333
clinical+genotype(29 SNPs),Specificity,0.958333333
clinical+genotype(29 SNPs),Specificity,0.75
clinical+genotype(29 SNPs),Specificity,0.75
clinical+genotype(29 SNPs),Specificity,0.791666667
clinical+genotype(29 SNPs),Specificity,0.875
clinical+genotype(29 SNPs),Specificity,0.666666667
clinical+genotype(29 SNPs),Specificity,0.958333333
clinical+genotype(29 SNPs),Specificity,0.791666667
clinical+genotype(29 SNPs),Specificity,0.833333333
clinical+genotype(29 SNPs),Specificity,0.833333333
clinical+genotype(29 SNPs),Specificity,0.791666667
clinical+genotype(29 SNPs),Specificity,0.916666667
clinical+genotype(29 SNPs),FDR,0.4375
clinical+genotype(29 SNPs),FDR,0.466666667
clinical+genotype(29 SNPs),FDR,0.411764706
clinical+genotype(29 SNPs),FDR,0.083333333
clinical+genotype(29 SNPs),FDR,0.375
clinical+genotype(29 SNPs),FDR,0.375
clinical+genotype(29 SNPs),FDR,0.333333333
clinical+genotype(29 SNPs),FDR,0.25
clinical+genotype(29 SNPs),FDR,0.470588235
clinical+genotype(29 SNPs),FDR,0.1
clinical+genotype(29 SNPs),FDR,0.384615385
clinical+genotype(29 SNPs),FDR,0.307692308
clinical+genotype(29 SNPs),FDR,0.307692308
clinical+genotype(29 SNPs),FDR,0.333333333
clinical+genotype(29 SNPs),FDR,0.153846154
clinical+genotype(29 SNPs),F1 score,0.642857143
clinical+genotype(29 SNPs),F1 score,0.571428571
clinical+genotype(29 SNPs),F1 score,0.666666667
clinical+genotype(29 SNPs),F1 score,0.88
clinical+genotype(29 SNPs),F1 score,0.714285714
clinical+genotype(29 SNPs),F1 score,0.714285714
clinical+genotype(29 SNPs),F1 score,0.714285714
clinical+genotype(29 SNPs),F1 score,0.72
clinical+genotype(29 SNPs),F1 score,0.6
clinical+genotype(29 SNPs),F1 score,0.818181818
clinical+genotype(29 SNPs),F1 score,0.64
clinical+genotype(29 SNPs),F1 score,0.72
clinical+genotype(29 SNPs),F1 score,0.692307692
clinical+genotype(29 SNPs),F1 score,0.714285714
clinical+genotype(29 SNPs),F1 score,0.846153846
clinical+genotype(20 SNPs),AUC,0.756944444
clinical+genotype(20 SNPs),AUC,0.701923077
clinical+genotype(20 SNPs),AUC,0.762820513
clinical+genotype(20 SNPs),AUC,0.903846154
clinical+genotype(20 SNPs),AUC,0.833333333
clinical+genotype(20 SNPs),AUC,0.819444444
clinical+genotype(20 SNPs),AUC,0.817307692
clinical+genotype(20 SNPs),AUC,0.782051282
clinical+genotype(20 SNPs),AUC,0.778846154
clinical+genotype(20 SNPs),AUC,0.864583333
clinical+genotype(20 SNPs),AUC,0.763888889
clinical+genotype(20 SNPs),AUC,0.854166667
clinical+genotype(20 SNPs),AUC,0.804487179
clinical+genotype(20 SNPs),AUC,0.753205128
clinical+genotype(20 SNPs),AUC,0.875
clinical+genotype(20 SNPs),Accuracy,0.722222222
clinical+genotype(20 SNPs),Accuracy,0.648648649
clinical+genotype(20 SNPs),Accuracy,0.72972973
clinical+genotype(20 SNPs),Accuracy,0.918918919
clinical+genotype(20 SNPs),Accuracy,0.777777778
clinical+genotype(20 SNPs),Accuracy,0.805555556
clinical+genotype(20 SNPs),Accuracy,0.756756757
clinical+genotype(20 SNPs),Accuracy,0.864864865
clinical+genotype(20 SNPs),Accuracy,0.756756757
clinical+genotype(20 SNPs),Accuracy,0.805555556
clinical+genotype(20 SNPs),Accuracy,0.694444444
clinical+genotype(20 SNPs),Accuracy,0.833333333
clinical+genotype(20 SNPs),Accuracy,0.783783784
clinical+genotype(20 SNPs),Accuracy,0.810810811
clinical+genotype(20 SNPs),Accuracy,0.864864865
clinical+genotype(20 SNPs),Sensitivity,0.666666667
clinical+genotype(20 SNPs),Sensitivity,0.692307692
clinical+genotype(20 SNPs),Sensitivity,0.769230769
clinical+genotype(20 SNPs),Sensitivity,0.923076923
clinical+genotype(20 SNPs),Sensitivity,0.833333333
clinical+genotype(20 SNPs),Sensitivity,0.916666667
clinical+genotype(20 SNPs),Sensitivity,0.846153846
clinical+genotype(20 SNPs),Sensitivity,0.692307692
clinical+genotype(20 SNPs),Sensitivity,0.846153846
clinical+genotype(20 SNPs),Sensitivity,0.916666667
clinical+genotype(20 SNPs),Sensitivity,0.75
clinical+genotype(20 SNPs),Sensitivity,0.916666667
clinical+genotype(20 SNPs),Sensitivity,0.846153846
clinical+genotype(20 SNPs),Sensitivity,0.769230769
clinical+genotype(20 SNPs),Sensitivity,0.846153846
clinical+genotype(20 SNPs),FOR,0.181818182
clinical+genotype(20 SNPs),FOR,0.210526316
clinical+genotype(20 SNPs),FOR,0.15
clinical+genotype(20 SNPs),FOR,0.043478261
clinical+genotype(20 SNPs),FOR,0.1
clinical+genotype(20 SNPs),FOR,0.052631579
clinical+genotype(20 SNPs),FOR,0.105263158
clinical+genotype(20 SNPs),FOR,0.148148148
clinical+genotype(20 SNPs),FOR,0.105263158
clinical+genotype(20 SNPs),FOR,0.052631579
clinical+genotype(20 SNPs),FOR,0.157894737
clinical+genotype(20 SNPs),FOR,0.05
clinical+genotype(20 SNPs),FOR,0.1
clinical+genotype(20 SNPs),FOR,0.130434783
clinical+genotype(20 SNPs),FOR,0.086956522
clinical+genotype(20 SNPs),Specificity,0.75
clinical+genotype(20 SNPs),Specificity,0.625
clinical+genotype(20 SNPs),Specificity,0.708333333
clinical+genotype(20 SNPs),Specificity,0.916666667
clinical+genotype(20 SNPs),Specificity,0.75
clinical+genotype(20 SNPs),Specificity,0.75
clinical+genotype(20 SNPs),Specificity,0.708333333
clinical+genotype(20 SNPs),Specificity,0.958333333
clinical+genotype(20 SNPs),Specificity,0.708333333
clinical+genotype(20 SNPs),Specificity,0.75
clinical+genotype(20 SNPs),Specificity,0.666666667
clinical+genotype(20 SNPs),Specificity,0.791666667
clinical+genotype(20 SNPs),Specificity,0.75
clinical+genotype(20 SNPs),Specificity,0.833333333
clinical+genotype(20 SNPs),Specificity,0.875
clinical+genotype(20 SNPs),FDR,0.428571429
clinical+genotype(20 SNPs),FDR,0.5
clinical+genotype(20 SNPs),FDR,0.411764706
clinical+genotype(20 SNPs),FDR,0.142857143
clinical+genotype(20 SNPs),FDR,0.375
clinical+genotype(20 SNPs),FDR,0.352941176
clinical+genotype(20 SNPs),FDR,0.388888889
clinical+genotype(20 SNPs),FDR,0.1
clinical+genotype(20 SNPs),FDR,0.388888889
clinical+genotype(20 SNPs),FDR,0.352941176
clinical+genotype(20 SNPs),FDR,0.470588235
clinical+genotype(20 SNPs),FDR,0.3125
clinical+genotype(20 SNPs),FDR,0.352941176
clinical+genotype(20 SNPs),FDR,0.285714286
clinical+genotype(20 SNPs),FDR,0.214285714
clinical+genotype(20 SNPs),F1 score,0.615384615
clinical+genotype(20 SNPs),F1 score,0.580645161
clinical+genotype(20 SNPs),F1 score,0.666666667
clinical+genotype(20 SNPs),F1 score,0.888888889
clinical+genotype(20 SNPs),F1 score,0.714285714
clinical+genotype(20 SNPs),F1 score,0.75862069
clinical+genotype(20 SNPs),F1 score,0.709677419
clinical+genotype(20 SNPs),F1 score,0.782608696
clinical+genotype(20 SNPs),F1 score,0.709677419
clinical+genotype(20 SNPs),F1 score,0.75862069
clinical+genotype(20 SNPs),F1 score,0.620689655
clinical+genotype(20 SNPs),F1 score,0.785714286
clinical+genotype(20 SNPs),F1 score,0.733333333
clinical+genotype(20 SNPs),F1 score,0.740740741
clinical+genotype(20 SNPs),F1 score,0.814814815
clinical+genotype(15 SNPs),AUC,0.788194444
clinical+genotype(15 SNPs),AUC,0.743589744
clinical+genotype(15 SNPs),AUC,0.778846154
clinical+genotype(15 SNPs),AUC,0.897435897
clinical+genotype(15 SNPs),AUC,0.850694444
clinical+genotype(15 SNPs),AUC,0.809027778
clinical+genotype(15 SNPs),AUC,0.842948718
clinical+genotype(15 SNPs),AUC,0.798076923
clinical+genotype(15 SNPs),AUC,0.791666667
clinical+genotype(15 SNPs),AUC,0.840277778
clinical+genotype(15 SNPs),AUC,0.777777778
clinical+genotype(15 SNPs),AUC,0.871527778
clinical+genotype(15 SNPs),AUC,0.836538462
clinical+genotype(15 SNPs),AUC,0.679487179
clinical+genotype(15 SNPs),AUC,0.891025641
clinical+genotype(15 SNPs),Accuracy,0.777777778
clinical+genotype(15 SNPs),Accuracy,0.72972973
clinical+genotype(15 SNPs),Accuracy,0.756756757
clinical+genotype(15 SNPs),Accuracy,0.864864865
clinical+genotype(15 SNPs),Accuracy,0.777777778
clinical+genotype(15 SNPs),Accuracy,0.75
clinical+genotype(15 SNPs),Accuracy,0.810810811
clinical+genotype(15 SNPs),Accuracy,0.891891892
clinical+genotype(15 SNPs),Accuracy,0.810810811
clinical+genotype(15 SNPs),Accuracy,0.833333333
clinical+genotype(15 SNPs),Accuracy,0.75
clinical+genotype(15 SNPs),Accuracy,0.861111111
clinical+genotype(15 SNPs),Accuracy,0.837837838
clinical+genotype(15 SNPs),Accuracy,0.756756757
clinical+genotype(15 SNPs),Accuracy,0.864864865
clinical+genotype(15 SNPs),Sensitivity,0.666666667
clinical+genotype(15 SNPs),Sensitivity,0.692307692
clinical+genotype(15 SNPs),Sensitivity,0.923076923
clinical+genotype(15 SNPs),Sensitivity,0.923076923
clinical+genotype(15 SNPs),Sensitivity,0.833333333
clinical+genotype(15 SNPs),Sensitivity,0.833333333
clinical+genotype(15 SNPs),Sensitivity,0.846153846
clinical+genotype(15 SNPs),Sensitivity,0.769230769
clinical+genotype(15 SNPs),Sensitivity,0.769230769
clinical+genotype(15 SNPs),Sensitivity,0.833333333
clinical+genotype(15 SNPs),Sensitivity,0.666666667
clinical+genotype(15 SNPs),Sensitivity,0.833333333
clinical+genotype(15 SNPs),Sensitivity,0.923076923
clinical+genotype(15 SNPs),Sensitivity,0.692307692
clinical+genotype(15 SNPs),Sensitivity,0.769230769
clinical+genotype(15 SNPs),FOR,0.166666667
clinical+genotype(15 SNPs),FOR,0.181818182
clinical+genotype(15 SNPs),FOR,0.058823529
clinical+genotype(15 SNPs),FOR,0.047619048
clinical+genotype(15 SNPs),FOR,0.1
clinical+genotype(15 SNPs),FOR,0.105263158
clinical+genotype(15 SNPs),FOR,0.095238095
clinical+genotype(15 SNPs),FOR,0.115384615
clinical+genotype(15 SNPs),FOR,0.130434783
clinical+genotype(15 SNPs),FOR,0.090909091
clinical+genotype(15 SNPs),FOR,0.173913043
clinical+genotype(15 SNPs),FOR,0.086956522
clinical+genotype(15 SNPs),FOR,0.05
clinical+genotype(15 SNPs),FOR,0.173913043
clinical+genotype(15 SNPs),FOR,0.12
clinical+genotype(15 SNPs),Specificity,0.833333333
clinical+genotype(15 SNPs),Specificity,0.75
clinical+genotype(15 SNPs),Specificity,0.666666667
clinical+genotype(15 SNPs),Specificity,0.833333333
clinical+genotype(15 SNPs),Specificity,0.75
clinical+genotype(15 SNPs),Specificity,0.708333333
clinical+genotype(15 SNPs),Specificity,0.791666667
clinical+genotype(15 SNPs),Specificity,0.958333333
clinical+genotype(15 SNPs),Specificity,0.833333333
clinical+genotype(15 SNPs),Specificity,0.833333333
clinical+genotype(15 SNPs),Specificity,0.791666667
clinical+genotype(15 SNPs),Specificity,0.875
clinical+genotype(15 SNPs),Specificity,0.791666667
clinical+genotype(15 SNPs),Specificity,0.791666667
clinical+genotype(15 SNPs),Specificity,0.916666667
clinical+genotype(15 SNPs),FDR,0.333333333
clinical+genotype(15 SNPs),FDR,0.4
clinical+genotype(15 SNPs),FDR,0.4
clinical+genotype(15 SNPs),FDR,0.25
clinical+genotype(15 SNPs),FDR,0.375
clinical+genotype(15 SNPs),FDR,0.411764706
clinical+genotype(15 SNPs),FDR,0.3125
clinical+genotype(15 SNPs),FDR,0.090909091
clinical+genotype(15 SNPs),FDR,0.285714286
clinical+genotype(15 SNPs),FDR,0.285714286
clinical+genotype(15 SNPs),FDR,0.384615385
clinical+genotype(15 SNPs),FDR,0.230769231
clinical+genotype(15 SNPs),FDR,0.294117647
clinical+genotype(15 SNPs),FDR,0.357142857
clinical+genotype(15 SNPs),FDR,0.166666667
clinical+genotype(15 SNPs),F1 score,0.666666667
clinical+genotype(15 SNPs),F1 score,0.642857143
clinical+genotype(15 SNPs),F1 score,0.727272727
clinical+genotype(15 SNPs),F1 score,0.827586207
clinical+genotype(15 SNPs),F1 score,0.714285714
clinical+genotype(15 SNPs),F1 score,0.689655172
clinical+genotype(15 SNPs),F1 score,0.75862069
clinical+genotype(15 SNPs),F1 score,0.833333333
clinical+genotype(15 SNPs),F1 score,0.740740741
clinical+genotype(15 SNPs),F1 score,0.769230769
clinical+genotype(15 SNPs),F1 score,0.64
clinical+genotype(15 SNPs),F1 score,0.8
clinical+genotype(15 SNPs),F1 score,0.8
clinical+genotype(15 SNPs),F1 score,0.666666667
clinical+genotype(15 SNPs),F1 score,0.8
