Model,Index,Value
clinical+genotype(29 SNPs),AUC,0.774305556
clinical+genotype(29 SNPs),AUC,0.730769231
clinical+genotype(29 SNPs),AUC,0.733974359
clinical+genotype(29 SNPs),AUC,0.903846154
clinical+genotype(29 SNPs),AUC,0.815972222
clinical+genotype(29 SNPs),AUC,0.822916667
clinical+genotype(29 SNPs),AUC,0.830128205
clinical+genotype(29 SNPs),AUC,0.759615385
clinical+genotype(29 SNPs),AUC,0.772435897
clinical+genotype(29 SNPs),AUC,0.871527778
clinical+genotype(29 SNPs),AUC,0.795138889
clinical+genotype(29 SNPs),AUC,0.819444444
clinical+genotype(29 SNPs),AUC,0.772435897
clinical+genotype(29 SNPs),AUC,0.778846154
clinical+genotype(29 SNPs),AUC,0.887820513
clinical+genotype(29 SNPs),Accuracy,0.722222222
clinical+genotype(29 SNPs),Accuracy,0.675675676
clinical+genotype(29 SNPs),Accuracy,0.72972973
clinical+genotype(29 SNPs),Accuracy,0.918918919
clinical+genotype(29 SNPs),Accuracy,0.777777778
clinical+genotype(29 SNPs),Accuracy,0.777777778
clinical+genotype(29 SNPs),Accuracy,0.783783784
clinical+genotype(29 SNPs),Accuracy,0.810810811
clinical+genotype(29 SNPs),Accuracy,0.675675676
clinical+genotype(29 SNPs),Accuracy,0.888888889
clinical+genotype(29 SNPs),Accuracy,0.75
clinical+genotype(29 SNPs),Accuracy,0.805555556
clinical+genotype(29 SNPs),Accuracy,0.783783784
clinical+genotype(29 SNPs),Accuracy,0.783783784
clinical+genotype(29 SNPs),Accuracy,0.891891892
clinical+genotype(29 SNPs),Sensitivity,0.75
clinical+genotype(29 SNPs),Sensitivity,0.615384615
clinical+genotype(29 SNPs),Sensitivity,0.769230769
clinical+genotype(29 SNPs),Sensitivity,0.846153846
clinical+genotype(29 SNPs),Sensitivity,0.833333333
clinical+genotype(29 SNPs),Sensitivity,0.833333333
clinical+genotype(29 SNPs),Sensitivity,0.769230769
clinical+genotype(29 SNPs),Sensitivity,0.692307692
clinical+genotype(29 SNPs),Sensitivity,0.692307692
clinical+genotype(29 SNPs),Sensitivity,0.75
clinical+genotype(29 SNPs),Sensitivity,0.666666667
clinical+genotype(29 SNPs),Sensitivity,0.75
clinical+genotype(29 SNPs),Sensitivity,0.692307692
clinical+genotype(29 SNPs),Sensitivity,0.769230769
clinical+genotype(29 SNPs),Sensitivity,0.846153846
clinical+genotype(29 SNPs),FOR,0.15
clinical+genotype(29 SNPs),FOR,0.227272727
clinical+genotype(29 SNPs),FOR,0.15
clinical+genotype(29 SNPs),FOR,0.08
clinical+genotype(29 SNPs),FOR,0.1
clinical+genotype(29 SNPs),FOR,0.1
clinical+genotype(29 SNPs),FOR,0.136363636
clinical+genotype(29 SNPs),FOR,0.16
clinical+genotype(29 SNPs),FOR,0.2
clinical+genotype(29 SNPs),FOR,0.115384615
clinical+genotype(29 SNPs),FOR,0.173913043
clinical+genotype(29 SNPs),FOR,0.130434783
clinical+genotype(29 SNPs),FOR,0.166666667
clinical+genotype(29 SNPs),FOR,0.136363636
clinical+genotype(29 SNPs),FOR,0.083333333
clinical+genotype(29 SNPs),Specificity,0.708333333
clinical+genotype(29 SNPs),Specificity,0.708333333
clinical+genotype(29 SNPs),Specificity,0.708333333
clinical+genotype(29 SNPs),Specificity,0.958333333
clinical+genotype(29 SNPs),Specificity,0.75
clinical+genotype(29 SNPs),Specificity,0.75
clinical+genotype(29 SNPs),Specificity,0.791666667
clinical+genotype(29 SNPs),Specificity,0.875
clinical+genotype(29 SNPs),Specificity,0.666666667
clinical+genotype(29 SNPs),Specificity,0.958333333
clinical+genotype(29 SNPs),Specificity,0.791666667
clinical+genotype(29 SNPs),Specificity,0.833333333
clinical+genotype(29 SNPs),Specificity,0.833333333
clinical+genotype(29 SNPs),Specificity,0.791666667
clinical+genotype(29 SNPs),Specificity,0.916666667
clinical+genotype(29 SNPs),FDR,0.4375
clinical+genotype(29 SNPs),FDR,0.466666667
clinical+genotype(29 SNPs),FDR,0.411764706
clinical+genotype(29 SNPs),FDR,0.083333333
clinical+genotype(29 SNPs),FDR,0.375
clinical+genotype(29 SNPs),FDR,0.375
clinical+genotype(29 SNPs),FDR,0.333333333
clinical+genotype(29 SNPs),FDR,0.25
clinical+genotype(29 SNPs),FDR,0.470588235
clinical+genotype(29 SNPs),FDR,0.1
clinical+genotype(29 SNPs),FDR,0.384615385
clinical+genotype(29 SNPs),FDR,0.307692308
clinical+genotype(29 SNPs),FDR,0.307692308
clinical+genotype(29 SNPs),FDR,0.333333333
clinical+genotype(29 SNPs),FDR,0.153846154
clinical+genotype(29 SNPs),F1 score,0.642857143
clinical+genotype(29 SNPs),F1 score,0.571428571
clinical+genotype(29 SNPs),F1 score,0.666666667
clinical+genotype(29 SNPs),F1 score,0.88
clinical+genotype(29 SNPs),F1 score,0.714285714
clinical+genotype(29 SNPs),F1 score,0.714285714
clinical+genotype(29 SNPs),F1 score,0.714285714
clinical+genotype(29 SNPs),F1 score,0.72
clinical+genotype(29 SNPs),F1 score,0.6
clinical+genotype(29 SNPs),F1 score,0.818181818
clinical+genotype(29 SNPs),F1 score,0.64
clinical+genotype(29 SNPs),F1 score,0.72
clinical+genotype(29 SNPs),F1 score,0.692307692
clinical+genotype(29 SNPs),F1 score,0.714285714
clinical+genotype(29 SNPs),F1 score,0.846153846
MSKCC,AUC,0.640625
MSKCC,AUC,0.591346154
MSKCC,AUC,0.540064103
MSKCC,AUC,0.72275641
MSKCC,AUC,0.689236111
MSKCC,AUC,0.598958333
MSKCC,AUC,0.559294872
MSKCC,AUC,0.681089744
MSKCC,AUC,0.697115385
MSKCC,AUC,0.710069444
MSKCC,AUC,0.699652778
MSKCC,AUC,0.633680556
MSKCC,AUC,0.625
MSKCC,AUC,0.689102564
MSKCC,AUC,0.762820513
MSKCC,Accuracy,0.638888889
MSKCC,Accuracy,0.675675676
MSKCC,Accuracy,0.621621622
MSKCC,Accuracy,0.675675676
MSKCC,Accuracy,0.75
MSKCC,Accuracy,0.666666667
MSKCC,Accuracy,0.594594595
MSKCC,Accuracy,0.72972973
MSKCC,Accuracy,0.648648649
MSKCC,Accuracy,0.722222222
MSKCC,Accuracy,0.805555556
MSKCC,Accuracy,0.694444444
MSKCC,Accuracy,0.675675676
MSKCC,Accuracy,0.675675676
MSKCC,Accuracy,0.756756757
MSKCC,Sensitivity,0.833333333
MSKCC,Sensitivity,0.538461538
MSKCC,Sensitivity,0.615384615
MSKCC,Sensitivity,0.769230769
MSKCC,Sensitivity,0.75
MSKCC,Sensitivity,0.583333333
MSKCC,Sensitivity,0.615384615
MSKCC,Sensitivity,0.692307692
MSKCC,Sensitivity,0.769230769
MSKCC,Sensitivity,0.666666667
MSKCC,Sensitivity,0.583333333
MSKCC,Sensitivity,0.666666667
MSKCC,Sensitivity,0.538461538
MSKCC,Sensitivity,0.769230769
MSKCC,Sensitivity,0.769230769
MSKCC,FOR,0.133333333
MSKCC,FOR,0.25
MSKCC,FOR,0.25
MSKCC,FOR,0.166666667
MSKCC,FOR,0.142857143
MSKCC,FOR,0.227272727
MSKCC,FOR,0.263157895
MSKCC,FOR,0.181818182
MSKCC,FOR,0.176470588
MSKCC,FOR,0.181818182
MSKCC,FOR,0.185185185
MSKCC,FOR,0.19047619
MSKCC,FOR,0.25
MSKCC,FOR,0.166666667
MSKCC,FOR,0.142857143
MSKCC,Specificity,0.541666667
MSKCC,Specificity,0.75
MSKCC,Specificity,0.625
MSKCC,Specificity,0.625
MSKCC,Specificity,0.75
MSKCC,Specificity,0.708333333
MSKCC,Specificity,0.583333333
MSKCC,Specificity,0.75
MSKCC,Specificity,0.583333333
MSKCC,Specificity,0.75
MSKCC,Specificity,0.916666667
MSKCC,Specificity,0.708333333
MSKCC,Specificity,0.75
MSKCC,Specificity,0.625
MSKCC,Specificity,0.75
MSKCC,FDR,0.523809524
MSKCC,FDR,0.461538462
MSKCC,FDR,0.529411765
MSKCC,FDR,0.473684211
MSKCC,FDR,0.4
MSKCC,FDR,0.5
MSKCC,FDR,0.555555556
MSKCC,FDR,0.4
MSKCC,FDR,0.5
MSKCC,FDR,0.428571429
MSKCC,FDR,0.222222222
MSKCC,FDR,0.466666667
MSKCC,FDR,0.461538462
MSKCC,FDR,0.473684211
MSKCC,FDR,0.375
MSKCC,F1 score,0.606060606
MSKCC,F1 score,0.538461538
MSKCC,F1 score,0.533333333
MSKCC,F1 score,0.625
MSKCC,F1 score,0.666666667
MSKCC,F1 score,0.538461538
MSKCC,F1 score,0.516129032
MSKCC,F1 score,0.642857143
MSKCC,F1 score,0.606060606
MSKCC,F1 score,0.615384615
MSKCC,F1 score,0.666666667
MSKCC,F1 score,0.592592593
MSKCC,F1 score,0.538461538
MSKCC,F1 score,0.625
MSKCC,F1 score,0.689655172
Stanford,AUC,0.638888889
Stanford,AUC,0.435897436
Stanford,AUC,0.661858974
Stanford,AUC,0.538461538
Stanford,AUC,0.583333333
Stanford,AUC,0.5625
Stanford,AUC,0.621794872
Stanford,AUC,0.615384615
Stanford,AUC,0.538461538
Stanford,AUC,0.520833333
Stanford,AUC,0.661458333
Stanford,AUC,0.479166667
Stanford,AUC,0.536858974
Stanford,AUC,0.538461538
Stanford,AUC,0.530448718
Stanford,Accuracy,0.638888889
Stanford,Accuracy,0.405405405
Stanford,Accuracy,0.702702703
Stanford,Accuracy,0.540540541
Stanford,Accuracy,0.555555556
Stanford,Accuracy,0.555555556
Stanford,Accuracy,0.621621622
Stanford,Accuracy,0.648648649
Stanford,Accuracy,0.567567568
Stanford,Accuracy,0.555555556
Stanford,Accuracy,0.638888889
Stanford,Accuracy,0.527777778
Stanford,Accuracy,0.513513514
Stanford,Accuracy,0.486486486
Stanford,Accuracy,0.567567568
Stanford,Sensitivity,0.583333333
Stanford,Sensitivity,0.538461538
Stanford,Sensitivity,0.615384615
Stanford,Sensitivity,0.461538462
Stanford,Sensitivity,0.666666667
Stanford,Sensitivity,0.583333333
Stanford,Sensitivity,0.615384615
Stanford,Sensitivity,0.615384615
Stanford,Sensitivity,0.538461538
Stanford,Sensitivity,0.416666667
Stanford,Sensitivity,0.666666667
Stanford,Sensitivity,0.333333333
Stanford,Sensitivity,0.615384615
Stanford,Sensitivity,0.615384615
Stanford,Sensitivity,0.384615385
Stanford,FOR,0.238095238
Stanford,FOR,0.428571429
Stanford,FOR,0.217391304
Stanford,FOR,0.333333333
Stanford,FOR,0.25
Stanford,FOR,0.277777778
Stanford,FOR,0.25
Stanford,FOR,0.238095238
Stanford,FOR,0.3
Stanford,FOR,0.318181818
Stanford,FOR,0.210526316
Stanford,FOR,0.347826087
Stanford,FOR,0.3125
Stanford,FOR,0.333333333
Stanford,FOR,0.333333333
Stanford,Specificity,0.666666667
Stanford,Specificity,0.333333333
Stanford,Specificity,0.75
Stanford,Specificity,0.583333333
Stanford,Specificity,0.5
Stanford,Specificity,0.541666667
Stanford,Specificity,0.625
Stanford,Specificity,0.666666667
Stanford,Specificity,0.583333333
Stanford,Specificity,0.625
Stanford,Specificity,0.625
Stanford,Specificity,0.625
Stanford,Specificity,0.458333333
Stanford,Specificity,0.416666667
Stanford,Specificity,0.666666667
Stanford,FDR,0.533333333
Stanford,FDR,0.695652174
Stanford,FDR,0.428571429
Stanford,FDR,0.625
Stanford,FDR,0.6
Stanford,FDR,0.611111111
Stanford,FDR,0.529411765
Stanford,FDR,0.5
Stanford,FDR,0.588235294
Stanford,FDR,0.642857143
Stanford,FDR,0.529411765
Stanford,FDR,0.692307692
Stanford,FDR,0.619047619
Stanford,FDR,0.636363636
Stanford,FDR,0.615384615
Stanford,F1 score,0.518518519
Stanford,F1 score,0.388888889
Stanford,F1 score,0.592592593
Stanford,F1 score,0.413793103
Stanford,F1 score,0.5
Stanford,F1 score,0.466666667
Stanford,F1 score,0.533333333
Stanford,F1 score,0.551724138
Stanford,F1 score,0.466666667
Stanford,F1 score,0.384615385
Stanford,F1 score,0.551724138
Stanford,F1 score,0.32
Stanford,F1 score,0.470588235
Stanford,F1 score,0.457142857
Stanford,F1 score,0.384615385
Cambridge,AUC,0.569444444
Cambridge,AUC,0.605769231
Cambridge,AUC,0.549679487
Cambridge,AUC,0.692307692
Cambridge,AUC,0.725694444
Cambridge,AUC,0.614583333
Cambridge,AUC,0.649038462
Cambridge,AUC,0.576923077
Cambridge,AUC,0.557692308
Cambridge,AUC,0.725694444
Cambridge,AUC,0.684027778
Cambridge,AUC,0.574652778
Cambridge,AUC,0.538461538
Cambridge,AUC,0.653846154
Cambridge,AUC,0.673076923
Cambridge,Accuracy,0.611111111
Cambridge,Accuracy,0.621621622
Cambridge,Accuracy,0.486486486
Cambridge,Accuracy,0.702702703
Cambridge,Accuracy,0.805555556
Cambridge,Accuracy,0.694444444
Cambridge,Accuracy,0.675675676
Cambridge,Accuracy,0.567567568
Cambridge,Accuracy,0.594594595
Cambridge,Accuracy,0.75
Cambridge,Accuracy,0.722222222
Cambridge,Accuracy,0.666666667
Cambridge,Accuracy,0.567567568
Cambridge,Accuracy,0.675675676
Cambridge,Accuracy,0.648648649
Cambridge,Sensitivity,0.583333333
Cambridge,Sensitivity,0.307692308
Cambridge,Sensitivity,1
Cambridge,Sensitivity,0.461538462
Cambridge,Sensitivity,0.583333333
Cambridge,Sensitivity,0.333333333
Cambridge,Sensitivity,0.461538462
Cambridge,Sensitivity,0.384615385
Cambridge,Sensitivity,0.384615385
Cambridge,Sensitivity,0.583333333
Cambridge,Sensitivity,0.5
Cambridge,Sensitivity,0.416666667
Cambridge,Sensitivity,0.384615385
Cambridge,Sensitivity,0.384615385
Cambridge,Sensitivity,0.461538462
Cambridge,FOR,0.25
Cambridge,FOR,0.321428571
Cambridge,FOR,0
Cambridge,FOR,0.259259259
Cambridge,FOR,0.185185185
Cambridge,FOR,0.275862069
Cambridge,FOR,0.269230769
Cambridge,FOR,0.333333333
Cambridge,FOR,0.32
Cambridge,FOR,0.2
Cambridge,FOR,0.230769231
Cambridge,FOR,0.269230769
Cambridge,FOR,0.333333333
Cambridge,FOR,0.285714286
Cambridge,FOR,0.28
Cambridge,Specificity,0.625
Cambridge,Specificity,0.791666667
Cambridge,Specificity,0.208333333
Cambridge,Specificity,0.833333333
Cambridge,Specificity,0.916666667
Cambridge,Specificity,0.875
Cambridge,Specificity,0.791666667
Cambridge,Specificity,0.666666667
Cambridge,Specificity,0.708333333
Cambridge,Specificity,0.833333333
Cambridge,Specificity,0.833333333
Cambridge,Specificity,0.791666667
Cambridge,Specificity,0.666666667
Cambridge,Specificity,0.833333333
Cambridge,Specificity,0.75
Cambridge,FDR,0.5625
Cambridge,FDR,0.555555556
Cambridge,FDR,0.59375
Cambridge,FDR,0.4
Cambridge,FDR,0.222222222
Cambridge,FDR,0.428571429
Cambridge,FDR,0.454545455
Cambridge,FDR,0.615384615
Cambridge,FDR,0.583333333
Cambridge,FDR,0.363636364
Cambridge,FDR,0.4
Cambridge,FDR,0.5
Cambridge,FDR,0.615384615
Cambridge,FDR,0.444444444
Cambridge,FDR,0.5
Cambridge,F1 score,0.5
Cambridge,F1 score,0.363636364
Cambridge,F1 score,0.577777778
Cambridge,F1 score,0.52173913
Cambridge,F1 score,0.666666667
Cambridge,F1 score,0.421052632
Cambridge,F1 score,0.5
Cambridge,F1 score,0.384615385
Cambridge,F1 score,0.4
Cambridge,F1 score,0.608695652
Cambridge,F1 score,0.545454545
Cambridge,F1 score,0.454545455
Cambridge,F1 score,0.384615385
Cambridge,F1 score,0.454545455
Cambridge,F1 score,0.48
MOU,AUC,0.619791667
MOU,AUC,0.586538462
MOU,AUC,0.509615385
MOU,AUC,0.713141026
MOU,AUC,0.670138889
MOU,AUC,0.592013889
MOU,AUC,0.572115385
MOU,AUC,0.658653846
MOU,AUC,0.685897436
MOU,AUC,0.671875
MOU,AUC,0.690972222
MOU,AUC,0.668402778
MOU,AUC,0.584935897
MOU,AUC,0.698717949
MOU,AUC,0.745192308
MOU,Accuracy,0.583333333
MOU,Accuracy,0.675675676
MOU,Accuracy,0.513513514
MOU,Accuracy,0.675675676
MOU,Accuracy,0.75
MOU,Accuracy,0.638888889
MOU,Accuracy,0.567567568
MOU,Accuracy,0.72972973
MOU,Accuracy,0.648648649
MOU,Accuracy,0.694444444
MOU,Accuracy,0.805555556
MOU,Accuracy,0.722222222
MOU,Accuracy,0.648648649
MOU,Accuracy,0.648648649
MOU,Accuracy,0.675675676
MOU,Sensitivity,0.833333333
MOU,Sensitivity,0.538461538
MOU,Sensitivity,0.538461538
MOU,Sensitivity,0.769230769
MOU,Sensitivity,0.75
MOU,Sensitivity,0.666666667
MOU,Sensitivity,0.615384615
MOU,Sensitivity,0.692307692
MOU,Sensitivity,0.846153846
MOU,Sensitivity,0.666666667
MOU,Sensitivity,0.583333333
MOU,Sensitivity,0.75
MOU,Sensitivity,0.538461538
MOU,Sensitivity,0.769230769
MOU,Sensitivity,0.769230769
MOU,FOR,0.153846154
MOU,FOR,0.25
MOU,FOR,0.333333333
MOU,FOR,0.166666667
MOU,FOR,0.142857143
MOU,FOR,0.210526316
MOU,FOR,0.277777778
MOU,FOR,0.181818182
MOU,FOR,0.133333333
MOU,FOR,0.19047619
MOU,FOR,0.185185185
MOU,FOR,0.15
MOU,FOR,0.260869565
MOU,FOR,0.176470588
MOU,FOR,0.166666667
MOU,Specificity,0.458333333
MOU,Specificity,0.75
MOU,Specificity,0.5
MOU,Specificity,0.625
MOU,Specificity,0.75
MOU,Specificity,0.625
MOU,Specificity,0.541666667
MOU,Specificity,0.75
MOU,Specificity,0.541666667
MOU,Specificity,0.708333333
MOU,Specificity,0.916666667
MOU,Specificity,0.708333333
MOU,Specificity,0.708333333
MOU,Specificity,0.583333333
MOU,Specificity,0.625
MOU,FDR,0.565217391
MOU,FDR,0.461538462
MOU,FDR,0.631578947
MOU,FDR,0.473684211
MOU,FDR,0.4
MOU,FDR,0.529411765
MOU,FDR,0.578947368
MOU,FDR,0.4
MOU,FDR,0.5
MOU,FDR,0.466666667
MOU,FDR,0.222222222
MOU,FDR,0.4375
MOU,FDR,0.5
MOU,FDR,0.5
MOU,FDR,0.473684211
MOU,F1 score,0.571428571
MOU,F1 score,0.538461538
MOU,F1 score,0.4375
MOU,F1 score,0.625
MOU,F1 score,0.666666667
MOU,F1 score,0.551724138
MOU,F1 score,0.5
MOU,F1 score,0.642857143
MOU,F1 score,0.628571429
MOU,F1 score,0.592592593
MOU,F1 score,0.666666667
MOU,F1 score,0.642857143
MOU,F1 score,0.518518519
MOU,F1 score,0.606060606
MOU,F1 score,0.625
MDA,AUC,0.605902778
MDA,AUC,0.641025641
MDA,AUC,0.408653846
MDA,AUC,0.463141026
MDA,AUC,0.623263889
MDA,AUC,0.605902778
MDA,AUC,0.520833333
MDA,AUC,0.586538462
MDA,AUC,0.536858974
MDA,AUC,0.597222222
MDA,AUC,0.585069444
MDA,AUC,0.647569444
MDA,AUC,0.512820513
MDA,AUC,0.47275641
MDA,AUC,0.439102564
MDA,Accuracy,0.694444444
MDA,Accuracy,0.621621622
MDA,Accuracy,0.459459459
MDA,Accuracy,0.432432432
MDA,Accuracy,0.611111111
MDA,Accuracy,0.583333333
MDA,Accuracy,0.594594595
MDA,Accuracy,0.621621622
MDA,Accuracy,0.621621622
MDA,Accuracy,0.722222222
MDA,Accuracy,0.666666667
MDA,Accuracy,0.722222222
MDA,Accuracy,0.648648649
MDA,Accuracy,0.513513514
MDA,Accuracy,0.567567568
MDA,Sensitivity,0.416666667
MDA,Sensitivity,0.615384615
MDA,Sensitivity,0.538461538
MDA,Sensitivity,0.769230769
MDA,Sensitivity,0.5
MDA,Sensitivity,0.5
MDA,Sensitivity,0.461538462
MDA,Sensitivity,0.692307692
MDA,Sensitivity,0.615384615
MDA,Sensitivity,0.416666667
MDA,Sensitivity,0.5
MDA,Sensitivity,0.583333333
MDA,Sensitivity,0.461538462
MDA,Sensitivity,0.384615385
MDA,Sensitivity,0.230769231
MDA,FOR,0.259259259
MDA,FOR,0.25
MDA,FOR,0.375
MDA,FOR,0.333333333
MDA,FOR,0.272727273
MDA,FOR,0.285714286
MDA,FOR,0.304347826
MDA,FOR,0.222222222
MDA,FOR,0.25
MDA,FOR,0.25
MDA,FOR,0.25
MDA,FOR,0.208333333
MDA,FOR,0.28
MDA,FOR,0.363636364
MDA,FOR,0.357142857
MDA,Specificity,0.833333333
MDA,Specificity,0.625
MDA,Specificity,0.416666667
MDA,Specificity,0.25
MDA,Specificity,0.666666667
MDA,Specificity,0.625
MDA,Specificity,0.666666667
MDA,Specificity,0.583333333
MDA,Specificity,0.625
MDA,Specificity,0.875
MDA,Specificity,0.75
MDA,Specificity,0.791666667
MDA,Specificity,0.75
MDA,Specificity,0.583333333
MDA,Specificity,0.75
MDA,FDR,0.444444444
MDA,FDR,0.529411765
MDA,FDR,0.666666667
MDA,FDR,0.642857143
MDA,FDR,0.571428571
MDA,FDR,0.6
MDA,FDR,0.571428571
MDA,FDR,0.526315789
MDA,FDR,0.529411765
MDA,FDR,0.375
MDA,FDR,0.5
MDA,FDR,0.416666667
MDA,FDR,0.5
MDA,FDR,0.666666667
MDA,FDR,0.666666667
MDA,F1 score,0.476190476
MDA,F1 score,0.533333333
MDA,F1 score,0.411764706
MDA,F1 score,0.487804878
MDA,F1 score,0.461538462
MDA,F1 score,0.444444444
MDA,F1 score,0.444444444
MDA,F1 score,0.5625
MDA,F1 score,0.533333333
MDA,F1 score,0.5
MDA,F1 score,0.5
MDA,F1 score,0.583333333
MDA,F1 score,0.48
MDA,F1 score,0.357142857
MDA,F1 score,0.272727273
Mayo,AUC,0.630208333
Mayo,AUC,0.647435897
Mayo,AUC,0.605769231
Mayo,AUC,0.817307692
Mayo,AUC,0.756944444
Mayo,AUC,0.654513889
Mayo,AUC,0.584935897
Mayo,AUC,0.770833333
Mayo,AUC,0.746794872
Mayo,AUC,0.753472222
Mayo,AUC,0.746527778
Mayo,AUC,0.723958333
Mayo,AUC,0.666666667
Mayo,AUC,0.735576923
Mayo,AUC,0.743589744
Mayo,Accuracy,0.611111111
Mayo,Accuracy,0.648648649
Mayo,Accuracy,0.594594595
Mayo,Accuracy,0.783783784
Mayo,Accuracy,0.805555556
Mayo,Accuracy,0.666666667
Mayo,Accuracy,0.567567568
Mayo,Accuracy,0.72972973
Mayo,Accuracy,0.648648649
Mayo,Accuracy,0.777777778
Mayo,Accuracy,0.75
Mayo,Accuracy,0.722222222
Mayo,Accuracy,0.621621622
Mayo,Accuracy,0.72972973
Mayo,Accuracy,0.702702703
Mayo,Sensitivity,0.666666667
Mayo,Sensitivity,0.538461538
Mayo,Sensitivity,0.692307692
Mayo,Sensitivity,0.615384615
Mayo,Sensitivity,0.583333333
Mayo,Sensitivity,0.666666667
Mayo,Sensitivity,0.846153846
Mayo,Sensitivity,0.692307692
Mayo,Sensitivity,0.769230769
Mayo,Sensitivity,0.666666667
Mayo,Sensitivity,0.666666667
Mayo,Sensitivity,0.666666667
Mayo,Sensitivity,0.769230769
Mayo,Sensitivity,0.615384615
Mayo,Sensitivity,0.769230769
Mayo,FOR,0.222222222
Mayo,FOR,0.260869565
Mayo,FOR,0.235294118
Mayo,FOR,0.192307692
Mayo,FOR,0.185185185
Mayo,FOR,0.2
Mayo,FOR,0.166666667
Mayo,FOR,0.181818182
Mayo,FOR,0.176470588
Mayo,FOR,0.166666667
Mayo,FOR,0.173913043
Mayo,FOR,0.181818182
Mayo,FOR,0.1875
Mayo,FOR,0.208333333
Mayo,FOR,0.157894737
Mayo,Specificity,0.583333333
Mayo,Specificity,0.708333333
Mayo,Specificity,0.541666667
Mayo,Specificity,0.875
Mayo,Specificity,0.916666667
Mayo,Specificity,0.666666667
Mayo,Specificity,0.416666667
Mayo,Specificity,0.75
Mayo,Specificity,0.583333333
Mayo,Specificity,0.833333333
Mayo,Specificity,0.791666667
Mayo,Specificity,0.75
Mayo,Specificity,0.541666667
Mayo,Specificity,0.791666667
Mayo,Specificity,0.666666667
Mayo,FDR,0.555555556
Mayo,FDR,0.5
Mayo,FDR,0.55
Mayo,FDR,0.272727273
Mayo,FDR,0.222222222
Mayo,FDR,0.5
Mayo,FDR,0.56
Mayo,FDR,0.4
Mayo,FDR,0.5
Mayo,FDR,0.333333333
Mayo,FDR,0.384615385
Mayo,FDR,0.428571429
Mayo,FDR,0.523809524
Mayo,FDR,0.384615385
Mayo,FDR,0.444444444
Mayo,F1 score,0.533333333
Mayo,F1 score,0.518518519
Mayo,F1 score,0.545454545
Mayo,F1 score,0.666666667
Mayo,F1 score,0.666666667
Mayo,F1 score,0.571428571
Mayo,F1 score,0.578947368
Mayo,F1 score,0.642857143
Mayo,F1 score,0.606060606
Mayo,F1 score,0.666666667
Mayo,F1 score,0.64
Mayo,F1 score,0.615384615
Mayo,F1 score,0.588235294
Mayo,F1 score,0.615384615
Mayo,F1 score,0.64516129
Ljubljana,AUC,0.640625
Ljubljana,AUC,0.615384615
Ljubljana,AUC,0.538461538
Ljubljana,AUC,0.725961538
Ljubljana,AUC,0.704861111
Ljubljana,AUC,0.625
Ljubljana,AUC,0.564102564
Ljubljana,AUC,0.732371795
Ljubljana,AUC,0.701923077
Ljubljana,AUC,0.727430556
Ljubljana,AUC,0.704861111
Ljubljana,AUC,0.722222222
Ljubljana,AUC,0.58974359
Ljubljana,AUC,0.727564103
Ljubljana,AUC,0.754807692
Ljubljana,Accuracy,0.611111111
Ljubljana,Accuracy,0.675675676
Ljubljana,Accuracy,0.594594595
Ljubljana,Accuracy,0.72972973
Ljubljana,Accuracy,0.75
Ljubljana,Accuracy,0.666666667
Ljubljana,Accuracy,0.567567568
Ljubljana,Accuracy,0.72972973
Ljubljana,Accuracy,0.621621622
Ljubljana,Accuracy,0.694444444
Ljubljana,Accuracy,0.75
Ljubljana,Accuracy,0.722222222
Ljubljana,Accuracy,0.594594595
Ljubljana,Accuracy,0.648648649
Ljubljana,Accuracy,0.675675676
Ljubljana,Sensitivity,0.583333333
Ljubljana,Sensitivity,0.538461538
Ljubljana,Sensitivity,0.769230769
Ljubljana,Sensitivity,0.692307692
Ljubljana,Sensitivity,0.75
Ljubljana,Sensitivity,0.583333333
Ljubljana,Sensitivity,0.615384615
Ljubljana,Sensitivity,0.846153846
Ljubljana,Sensitivity,0.769230769
Ljubljana,Sensitivity,0.666666667
Ljubljana,Sensitivity,0.666666667
Ljubljana,Sensitivity,0.75
Ljubljana,Sensitivity,0.615384615
Ljubljana,Sensitivity,0.692307692
Ljubljana,Sensitivity,0.769230769
Ljubljana,FOR,0.25
Ljubljana,FOR,0.25
Ljubljana,FOR,0.2
Ljubljana,FOR,0.181818182
Ljubljana,FOR,0.142857143
Ljubljana,FOR,0.227272727
Ljubljana,FOR,0.277777778
Ljubljana,FOR,0.111111111
Ljubljana,FOR,0.1875
Ljubljana,FOR,0.19047619
Ljubljana,FOR,0.173913043
Ljubljana,FOR,0.15
Ljubljana,FOR,0.263157895
Ljubljana,FOR,0.210526316
Ljubljana,FOR,0.166666667
Ljubljana,Specificity,0.625
Ljubljana,Specificity,0.75
Ljubljana,Specificity,0.5
Ljubljana,Specificity,0.75
Ljubljana,Specificity,0.75
Ljubljana,Specificity,0.708333333
Ljubljana,Specificity,0.541666667
Ljubljana,Specificity,0.666666667
Ljubljana,Specificity,0.541666667
Ljubljana,Specificity,0.708333333
Ljubljana,Specificity,0.791666667
Ljubljana,Specificity,0.708333333
Ljubljana,Specificity,0.583333333
Ljubljana,Specificity,0.625
Ljubljana,Specificity,0.625
Ljubljana,FDR,0.5625
Ljubljana,FDR,0.461538462
Ljubljana,FDR,0.545454545
Ljubljana,FDR,0.4
Ljubljana,FDR,0.4
Ljubljana,FDR,0.5
Ljubljana,FDR,0.578947368
Ljubljana,FDR,0.421052632
Ljubljana,FDR,0.523809524
Ljubljana,FDR,0.466666667
Ljubljana,FDR,0.384615385
Ljubljana,FDR,0.4375
Ljubljana,FDR,0.555555556
Ljubljana,FDR,0.5
Ljubljana,FDR,0.473684211
Ljubljana,F1 score,0.5
Ljubljana,F1 score,0.538461538
Ljubljana,F1 score,0.571428571
Ljubljana,F1 score,0.642857143
Ljubljana,F1 score,0.666666667
Ljubljana,F1 score,0.538461538
Ljubljana,F1 score,0.5
Ljubljana,F1 score,0.6875
Ljubljana,F1 score,0.588235294
Ljubljana,F1 score,0.592592593
Ljubljana,F1 score,0.64
Ljubljana,F1 score,0.642857143
Ljubljana,F1 score,0.516129032
Ljubljana,F1 score,0.580645161
Ljubljana,F1 score,0.625
Louisville,AUC,0.668402778
Louisville,AUC,0.677884615
Louisville,AUC,0.483974359
Louisville,AUC,0.818910256
Louisville,AUC,0.743055556
Louisville,AUC,0.623263889
Louisville,AUC,0.666666667
Louisville,AUC,0.782051282
Louisville,AUC,0.719551282
Louisville,AUC,0.663194444
Louisville,AUC,0.703125
Louisville,AUC,0.689236111
Louisville,AUC,0.596153846
Louisville,AUC,0.764423077
Louisville,AUC,0.735576923
Louisville,Accuracy,0.666666667
Louisville,Accuracy,0.702702703
Louisville,Accuracy,0.594594595
Louisville,Accuracy,0.810810811
Louisville,Accuracy,0.805555556
Louisville,Accuracy,0.666666667
Louisville,Accuracy,0.783783784
Louisville,Accuracy,0.783783784
Louisville,Accuracy,0.675675676
Louisville,Accuracy,0.666666667
Louisville,Accuracy,0.777777778
Louisville,Accuracy,0.638888889
Louisville,Accuracy,0.594594595
Louisville,Accuracy,0.702702703
Louisville,Accuracy,0.702702703
Louisville,Sensitivity,0.583333333
Louisville,Sensitivity,0.615384615
Louisville,Sensitivity,0.538461538
Louisville,Sensitivity,0.692307692
Louisville,Sensitivity,0.666666667
Louisville,Sensitivity,0.583333333
Louisville,Sensitivity,0.461538462
Louisville,Sensitivity,0.846153846
Louisville,Sensitivity,0.769230769
Louisville,Sensitivity,0.583333333
Louisville,Sensitivity,0.666666667
Louisville,Sensitivity,0.75
Louisville,Sensitivity,0.615384615
Louisville,Sensitivity,0.615384615
Louisville,Sensitivity,0.769230769
Louisville,FOR,0.227272727
Louisville,FOR,0.217391304
Louisville,FOR,0.285714286
Louisville,FOR,0.16
Louisville,FOR,0.16
Louisville,FOR,0.227272727
Louisville,FOR,0.233333333
Louisville,FOR,0.1
Louisville,FOR,0.166666667
Louisville,FOR,0.227272727
Louisville,FOR,0.166666667
Louisville,FOR,0.176470588
Louisville,FOR,0.263157895
Louisville,FOR,0.217391304
Louisville,FOR,0.157894737
Louisville,Specificity,0.708333333
Louisville,Specificity,0.75
Louisville,Specificity,0.625
Louisville,Specificity,0.875
Louisville,Specificity,0.875
Louisville,Specificity,0.708333333
Louisville,Specificity,0.958333333
Louisville,Specificity,0.75
Louisville,Specificity,0.625
Louisville,Specificity,0.708333333
Louisville,Specificity,0.833333333
Louisville,Specificity,0.583333333
Louisville,Specificity,0.583333333
Louisville,Specificity,0.75
Louisville,Specificity,0.666666667
Louisville,FDR,0.5
Louisville,FDR,0.428571429
Louisville,FDR,0.5625
Louisville,FDR,0.25
Louisville,FDR,0.272727273
Louisville,FDR,0.5
Louisville,FDR,0.142857143
Louisville,FDR,0.352941176
Louisville,FDR,0.473684211
Louisville,FDR,0.5
Louisville,FDR,0.333333333
Louisville,FDR,0.526315789
Louisville,FDR,0.555555556
Louisville,FDR,0.428571429
Louisville,FDR,0.444444444
Louisville,F1 score,0.538461538
Louisville,F1 score,0.592592593
Louisville,F1 score,0.482758621
Louisville,F1 score,0.72
Louisville,F1 score,0.695652174
Louisville,F1 score,0.538461538
Louisville,F1 score,0.6
Louisville,F1 score,0.733333333
Louisville,F1 score,0.625
Louisville,F1 score,0.538461538
Louisville,F1 score,0.666666667
Louisville,F1 score,0.580645161
Louisville,F1 score,0.516129032
Louisville,F1 score,0.592592593
Louisville,F1 score,0.64516129
SNUH,AUC,0.657986111
SNUH,AUC,0.690705128
SNUH,AUC,0.538461538
SNUH,AUC,0.788461538
SNUH,AUC,0.704861111
SNUH,AUC,0.625
SNUH,AUC,0.641025641
SNUH,AUC,0.745192308
SNUH,AUC,0.701923077
SNUH,AUC,0.727430556
SNUH,AUC,0.704861111
SNUH,AUC,0.722222222
SNUH,AUC,0.58974359
SNUH,AUC,0.806089744
SNUH,AUC,0.774038462
SNUH,Accuracy,0.611111111
SNUH,Accuracy,0.702702703
SNUH,Accuracy,0.594594595
SNUH,Accuracy,0.756756757
SNUH,Accuracy,0.75
SNUH,Accuracy,0.666666667
SNUH,Accuracy,0.72972973
SNUH,Accuracy,0.72972973
SNUH,Accuracy,0.621621622
SNUH,Accuracy,0.694444444
SNUH,Accuracy,0.75
SNUH,Accuracy,0.722222222
SNUH,Accuracy,0.594594595
SNUH,Accuracy,0.756756757
SNUH,Accuracy,0.72972973
SNUH,Sensitivity,0.583333333
SNUH,Sensitivity,0.615384615
SNUH,Sensitivity,0.769230769
SNUH,Sensitivity,0.769230769
SNUH,Sensitivity,0.75
SNUH,Sensitivity,0.583333333
SNUH,Sensitivity,0.538461538
SNUH,Sensitivity,0.846153846
SNUH,Sensitivity,0.769230769
SNUH,Sensitivity,0.666666667
SNUH,Sensitivity,0.666666667
SNUH,Sensitivity,0.75
SNUH,Sensitivity,0.615384615
SNUH,Sensitivity,0.615384615
SNUH,Sensitivity,0.615384615
SNUH,FOR,0.25
SNUH,FOR,0.217391304
SNUH,FOR,0.2
SNUH,FOR,0.142857143
SNUH,FOR,0.142857143
SNUH,FOR,0.227272727
SNUH,FOR,0.230769231
SNUH,FOR,0.111111111
SNUH,FOR,0.1875
SNUH,FOR,0.19047619
SNUH,FOR,0.173913043
SNUH,FOR,0.15
SNUH,FOR,0.263157895
SNUH,FOR,0.2
SNUH,FOR,0.208333333
SNUH,Specificity,0.625
SNUH,Specificity,0.75
SNUH,Specificity,0.5
SNUH,Specificity,0.75
SNUH,Specificity,0.75
SNUH,Specificity,0.708333333
SNUH,Specificity,0.833333333
SNUH,Specificity,0.666666667
SNUH,Specificity,0.541666667
SNUH,Specificity,0.708333333
SNUH,Specificity,0.791666667
SNUH,Specificity,0.708333333
SNUH,Specificity,0.583333333
SNUH,Specificity,0.833333333
SNUH,Specificity,0.791666667
SNUH,FDR,0.5625
SNUH,FDR,0.428571429
SNUH,FDR,0.545454545
SNUH,FDR,0.375
SNUH,FDR,0.4
SNUH,FDR,0.5
SNUH,FDR,0.363636364
SNUH,FDR,0.421052632
SNUH,FDR,0.523809524
SNUH,FDR,0.466666667
SNUH,FDR,0.384615385
SNUH,FDR,0.4375
SNUH,FDR,0.555555556
SNUH,FDR,0.333333333
SNUH,FDR,0.384615385
SNUH,F1 score,0.5
SNUH,F1 score,0.592592593
SNUH,F1 score,0.571428571
SNUH,F1 score,0.689655172
SNUH,F1 score,0.666666667
SNUH,F1 score,0.538461538
SNUH,F1 score,0.583333333
SNUH,F1 score,0.6875
SNUH,F1 score,0.588235294
SNUH,F1 score,0.592592593
SNUH,F1 score,0.64
SNUH,F1 score,0.642857143
SNUH,F1 score,0.516129032
SNUH,F1 score,0.64
SNUH,F1 score,0.615384615
Tenon,AUC,0.612847222
Tenon,AUC,0.594551282
Tenon,AUC,0.480769231
Tenon,AUC,0.701923077
Tenon,AUC,0.583333333
Tenon,AUC,0.602430556
Tenon,AUC,0.666666667
Tenon,AUC,0.543269231
Tenon,AUC,0.540064103
Tenon,AUC,0.737847222
Tenon,AUC,0.744791667
Tenon,AUC,0.560763889
Tenon,AUC,0.572115385
Tenon,AUC,0.65224359
Tenon,AUC,0.679487179
Tenon,Accuracy,0.583333333
Tenon,Accuracy,0.540540541
Tenon,Accuracy,0.540540541
Tenon,Accuracy,0.594594595
Tenon,Accuracy,0.583333333
Tenon,Accuracy,0.583333333
Tenon,Accuracy,0.594594595
Tenon,Accuracy,0.594594595
Tenon,Accuracy,0.594594595
Tenon,Accuracy,0.694444444
Tenon,Accuracy,0.694444444
Tenon,Accuracy,0.666666667
Tenon,Accuracy,0.513513514
Tenon,Accuracy,0.567567568
Tenon,Accuracy,0.648648649
Tenon,Sensitivity,0.75
Tenon,Sensitivity,0.615384615
Tenon,Sensitivity,0.307692308
Tenon,Sensitivity,0.692307692
Tenon,Sensitivity,0.583333333
Tenon,Sensitivity,0.583333333
Tenon,Sensitivity,0.692307692
Tenon,Sensitivity,0.461538462
Tenon,Sensitivity,0.384615385
Tenon,Sensitivity,0.75
Tenon,Sensitivity,0.833333333
Tenon,Sensitivity,0.416666667
Tenon,Sensitivity,0.846153846
Tenon,Sensitivity,0.615384615
Tenon,Sensitivity,0.538461538
Tenon,FOR,0.2
Tenon,FOR,0.294117647
Tenon,FOR,0.36
Tenon,FOR,0.235294118
Tenon,FOR,0.263157895
Tenon,FOR,0.263157895
Tenon,FOR,0.235294118
Tenon,FOR,0.304347826
Tenon,FOR,0.32
Tenon,FOR,0.157894737
Tenon,FOR,0.117647059
Tenon,FOR,0.269230769
Tenon,FOR,0.2
Tenon,FOR,0.277777778
Tenon,FOR,0.260869565
Tenon,Specificity,0.5
Tenon,Specificity,0.5
Tenon,Specificity,0.666666667
Tenon,Specificity,0.541666667
Tenon,Specificity,0.583333333
Tenon,Specificity,0.583333333
Tenon,Specificity,0.541666667
Tenon,Specificity,0.666666667
Tenon,Specificity,0.708333333
Tenon,Specificity,0.666666667
Tenon,Specificity,0.625
Tenon,Specificity,0.791666667
Tenon,Specificity,0.333333333
Tenon,Specificity,0.541666667
Tenon,Specificity,0.708333333
Tenon,FDR,0.571428571
Tenon,FDR,0.6
Tenon,FDR,0.666666667
Tenon,FDR,0.55
Tenon,FDR,0.588235294
Tenon,FDR,0.588235294
Tenon,FDR,0.55
Tenon,FDR,0.571428571
Tenon,FDR,0.583333333
Tenon,FDR,0.470588235
Tenon,FDR,0.473684211
Tenon,FDR,0.5
Tenon,FDR,0.592592593
Tenon,FDR,0.578947368
Tenon,FDR,0.5
Tenon,F1 score,0.545454545
Tenon,F1 score,0.484848485
Tenon,F1 score,0.32
Tenon,F1 score,0.545454545
Tenon,F1 score,0.482758621
Tenon,F1 score,0.482758621
Tenon,F1 score,0.545454545
Tenon,F1 score,0.444444444
Tenon,F1 score,0.4
Tenon,F1 score,0.620689655
Tenon,F1 score,0.64516129
Tenon,F1 score,0.454545455
Tenon,F1 score,0.55
Tenon,F1 score,0.5
Tenon,F1 score,0.518518519
